Region,Total Amount
Central,11785.029999999999
East,17578.32
North,9677.31
South,12076.060000000001
West,12221.11
